,1,2,3,4*,4
0,0.6739155945719131,0.8321848778746523,0.8794620737999507,0.3506648749792182,0.46759814038741054
1,0.8221839909892463,0.9273877007710086,0.9475827370651374,0.9101386936064959,0.4751828302936555
2,0.7028828195685399,0.8527300649481969,0.8963930152500872,0.520893642530735,0.556753578900042
3,0.730875591190068,0.8699912556133211,0.9091763863048393,0.5890146666220754,0.5279837262189524
4,0.7716693752583111,0.9094002697375387,0.9329678749141398,0.8713688164518814,0.7374538648350925
5,0.8099392322886961,0.9291888448910464,0.9495236226500104,0.8626349615046094,0.7072790140322864
6,0.6923175593091448,0.8422953354197902,0.8875060018979866,0.4178003041164593,0.5801827816413307
7,0.6865969380813222,0.8387539220732814,0.884822636589898,0.2894430191159975,0.49719828443736674
8,0.6915750005546689,0.8449357951429393,0.8903363267401232,0.39062726599081404,0.4839489334488123
9,0.7395712088016794,0.8788434886586859,0.9173105378722326,0.6438225734310707,0.8235552093558857
10,0.7655027895271962,0.8943564447182156,0.9274336378403196,0.7023447665514335,0.7715271390129126
11,0.7160296619873733,0.8613354518484827,0.9028068317383616,0.5449415667746264,0.44463012858085543
12,0.7012334006919506,0.8508896525906932,0.8949501911721652,0.4013445994095122,0.4291115167248512
13,0.7043673486284575,0.8526422820037357,0.8963624040454207,0.3155411615897347,0.47237777125523045
14,0.749727467718867,0.88524162598562,0.9211331224124575,0.6521772876862587,0.5262130341946183
15,0.6781185540583194,0.833657513476887,0.8808149482118979,0.2021003638478237,0.6354958121959556
16,0.7100316164328706,0.8577180944916307,0.8999615393502395,0.5344403076091551,0.5162441242586246
17,0.6774071856681998,0.8336614309531712,0.8808388122872024,0.15937565360171718,0.4987435454439958
18,0.7001431130758097,0.8504427793313294,0.8944737727391058,0.44029138550472385,0.4649864744934386
19,0.6747783822103639,0.831195795338433,0.878211207197481,0.4647578772132878,0.4461061526177104
20,0.7424009839736664,0.8767635475536684,0.914314586190624,0.7077413008305958,0.5506244062766829
21,0.907872277563618,0.9691191575920278,0.9793593562467533,0.9624242527312047,0.5502948426320525
22,0.7426141013733107,0.8827415657494249,0.918288949424657,0.793718138505207,0.5440458132557204
23,0.8386488354148822,0.9427142881885505,0.9586665408307935,0.9224526666165548,0.5899167209694993
24,0.9179940459551901,0.9729239381343668,0.9807559192725631,0.9661774657290845,0.4919908937050706
25,0.8493284214343572,0.9483367349631884,0.9625304474322675,0.9268664774238113,0.5140413940048006
26,0.6739750737878575,0.8307504312454987,0.8781565953542877,0.4206420029404396,0.6330297117569664
27,0.7379627918707143,0.8750963941404525,0.9129219693275378,0.6945907287407282,0.54519572601237
28,0.7226630630547441,0.8621233778341523,0.9021720027013448,0.650768935668224,0.4979201936847676
29,0.6933167712313326,0.84205943673656,0.8871092852208665,0.4876654061424385,0.45783549279232083
30,0.9043661601620994,0.9678754510573702,0.978475134812644,0.9600425214958036,0.43267185196061797
31,0.734399247615155,0.8789992780312426,0.9155712420689207,0.7792192006586702,0.46995733910669596
32,0.8358997854902936,0.9420426614335567,0.9577654855437757,0.9186559891090461,0.4892619067180421
33,0.9189927734744123,0.9735268836223706,0.9815036616350502,0.9658928240596177,0.48963211816052554
34,0.8567866294871807,0.9519185262809362,0.965107015767842,0.9290179540907927,0.4321808129607918
35,0.925386024136409,0.9760143471869984,0.9815729513847684,0.965984596655761,0.4570299566575029
36,0.8566137538562015,0.9515898327886372,0.9641250565277208,0.9224756245486567,0.45364551240865186
37,0.9144178733388266,0.9725354509552633,0.9812191787926009,0.9622762186620332,0.41754568724550006
38,0.8434035953715383,0.945806901737704,0.9601584422415569,0.9165906429794834,0.4421262784011463
39,0.9093260796155818,0.9707955182940909,0.9811877685054221,0.9609791455585457,0.43494968559641733
40,0.7231972648733385,0.8696904991810321,0.9079101909645526,0.7475126556055737,0.6132143240765254
41,0.8404258433968079,0.9444080598123054,0.9602034307890539,0.9172187318967495,0.6293029596150139
42,0.9235487055820014,0.9779898032507004,0.9863802583439281,0.9663202748788465,0.659234311508836
43,0.7912972835722294,0.9183983742973459,0.9447197854787868,0.8987042774549998,0.5866754684160501
44,0.8476781578022258,0.9468998319757587,0.9631124065197387,0.9256118649727696,0.5294623530314504
45,0.8562005207335441,0.9498767588524089,0.9634045086378388,0.9190606004407936,0.5757801403306924
46,0.8258514734894535,0.9362897147645536,0.9550260970161014,0.9035399565816504,0.5800854205295466
47,0.8111319965909083,0.9292058657371424,0.9512585945491193,0.8981086828938785,0.5720124618164506
48,0.8019371232118785,0.9242385895479646,0.9490161745912045,0.9019431813535653,0.7615251087563266
49,0.8687232820357698,0.9562232889250059,0.9695220936182439,0.9355022818557515,0.7071889392415776
50,0.8757103173021319,0.9580985795212834,0.9678202806059384,0.9308637993949201,0.6776238847923576
51,0.8408731326212455,0.9434999619189367,0.9597704881889679,0.9106438652902374,0.6020097147805312
52,0.8219652233692185,0.9349504201011858,0.9550906429546264,0.9007332779670565,0.5924876957876959
53,0.7814777879587638,0.9125933151274594,0.9399719607714124,0.872499001791831,0.8196040503522307
54,0.857290746778224,0.950409839292641,0.9638120432136406,0.9195884308436642,0.7848710872895109
55,0.7712972324429175,0.9076249045264121,0.9364647812310718,0.8717374278585113,0.5350742210485605
56,0.8381064578264734,0.9422397703476807,0.9590003832905958,0.9088763130017301,0.5211738404467755
57,0.7754763262130983,0.9103159481008013,0.9389860013256547,0.8789725428754775,0.566509150951759
58,0.8313692408040324,0.9394167241627954,0.9579243924184221,0.9063411616983224,0.5890590283363382
59,0.6494731211366059,0.8157714684996907,0.8660582443842589,0.589758521264953,0.5865089030271936
60,0.6875736080347333,0.8446868861013564,0.8896935436411164,0.6636997666593422,0.7789291465458067
61,0.6961190745962735,0.8455426815027223,0.8887331742070952,0.6273722329057173,0.7227816311959568
62,0.7862347097463696,0.9163882584491835,0.9369662600336052,0.8929982960449057,0.6749547529480131
63,0.798988488424093,0.9231969668001156,0.942976414946908,0.8809483034803799,0.5899651035785761
64,0.657096397082471,0.816001449612365,0.8654196783666811,0.526290640953532,0.5874252110231591
65,0.6514621259661649,0.8132515312621307,0.8634661291840915,0.47884468603183444,0.8231112678642667
66,0.668357221594897,0.8307426932746894,0.8789461470474732,0.604106851131987,0.7978303358371126
67,0.7207489036791287,0.8688291695894581,0.9089856113761978,0.7184879064168602,0.5327444308093793
68,0.7318058953727131,0.8732030063353888,0.9101107598815013,0.7091997147364035,0.5146256260664905
69,0.6791620829621405,0.8350537714196682,0.8809846148216944,0.590154384172648,0.5649101476777892
70,0.6635988237417515,0.8237040405340302,0.8723458738391835,0.5096164957095326,0.5894257064300659
71,0.6589810103179217,0.8208938387567353,0.8701602276990479,0.45214271079312457,0.5792826913970088
72,0.7124048691850372,0.8612819160619309,0.901555825877137,0.6667363322636188,0.6095829906469054
73,0.6359250610881761,0.8033913267147798,0.8556168525463312,0.4202789124807893,0.5650211687234888
74,0.6722466173468153,0.83087254524457,0.8776444508331019,0.5819561760477887,0.5448268295671405
75,0.6375068316839725,0.8051004121933367,0.8570343417530429,0.42873148683869694,0.539843384086165
76,0.6634531776753629,0.8240069051411373,0.8723986576873116,0.5333064057219989,0.573551011178027
77,0.6594236349574517,0.8207457079088153,0.8696065458921912,0.44251263913668176,0.5627295294458504
78,0.694732321927187,0.843522050040709,0.8884541738534361,0.5230719926194196,0.5812306571840754
79,0.7221642196239022,0.8658259966718087,0.905008516565652,0.6995327996012779,0.5425019219371815
80,0.675654480184585,0.8307730286259832,0.8774231881712925,0.4992678944936225,0.5247502718237996
81,0.7154367801713422,0.8644786682511922,0.9060902164929949,0.736923748162527,0.7755680377651966
82,0.8734954453217503,0.9535990445332487,0.9681941354616952,0.944948047684827,0.8090988034484516
83,0.7188304965254251,0.8717689021117669,0.9093333398202853,0.7779086747716604,0.5803039667638981
84,0.7596653381746348,0.8920984977324079,0.9281122305656274,0.7659268181676435,0.583099117624112
85,0.7469871966941812,0.8772577719280633,0.9156317239152398,0.6763064137932927,0.5741942917944606
86,0.8056322839693257,0.9274386899183429,0.9453896428480321,0.9013131773518975,0.5464854243052576
87,0.839038895303847,0.9433451225421456,0.9593810682696318,0.9098625932460869,0.7686541797566225
88,0.7179325001884277,0.8611065345495433,0.9028716715041993,0.6314545190349914,0.7123333495990134
89,0.7176055764738147,0.8645503856583174,0.9056588113919785,0.6426659118077489,0.6153256256519422
90,0.9176932058706871,0.9735073015696591,0.9833869792849291,0.9646252018295004,0.5880808476118996
91,0.7437809411150851,0.8823191701431035,0.9182537584507882,0.7852554866579433,0.8313902509643075
92,0.8493917762290741,0.9480484074629273,0.9627662648022837,0.9230771394643673,0.790889326375142
93,0.7289097651483166,0.8738712500987604,0.9142118624974416,0.7235955230690579,0.5311036299790861
94,0.8867211934738821,0.9591295820545934,0.9715568593602207,0.9504387189065517,0.5063369051751052
95,0.7855293871197799,0.9070547519465498,0.9400726559695418,0.7908428884365994,0.557194832400557
96,0.7673407772032731,0.890290850731697,0.9258683008791869,0.7148200640555306,0.5667880264913032
97,0.8270043225844186,0.9382290019372167,0.9536849415279202,0.9126619203997777,0.5874454807091934
98,0.8547283577972686,0.9510100505370735,0.9646492970180066,0.9149829729718626,0.761699985671282
99,0.7285040681888334,0.8672173535304586,0.9080445023764449,0.6394111211719187,0.7190521860292902
100,0.7231980843426425,0.8672983242888498,0.9083081964149873,0.623285366328034,0.5772957788671959
101,0.7027379841503277,0.8532560145722958,0.8969763011854214,0.5360005684956656,0.5895260278555169
102,0.8957408564197811,0.962701335653069,0.9720207762065155,0.9520529444516421,0.8007580550122557
103,0.7489475835145981,0.8799982921351096,0.9182285543429436,0.6714915181819919,0.7787603447116228
104,0.8269255891598278,0.9377428357772103,0.9527874662175915,0.9068651343029225,0.5309554839737106
105,0.6863167651133534,0.8434937869070392,0.8889549769525823,0.5584155187580407,0.509170198004208
106,0.8834517998123814,0.9586538331625899,0.9711933045056668,0.9475482485164314,0.7863499248195854
107,0.722538441228473,0.8638226198424107,0.9053535829809148,0.632575840603011,0.7293948451716438
108,0.8121360785460323,0.9309453970468193,0.9476291088707472,0.8990354516220788,0.508127541995608
109,0.6932620454156921,0.8494280757799563,0.8938182869697536,0.6098700995486424,0.5207508800781939
110,0.8769987098167094,0.9564007227343907,0.9707997876644046,0.9455589213191316,0.5480846596061167
111,0.7034486701648205,0.8600305374680478,0.8995933071147313,0.7429525172140148,0.7410398616294956
112,0.7252087612706314,0.8682717266686448,0.9090059047635396,0.639932945784919,0.6992594964401142
113,0.807802829861764,0.9289335019236941,0.9471016096364576,0.898500377370061,0.528460609011963
114,0.6606790876211839,0.8226077927251831,0.8707602329881671,0.4334902749958572,0.5403204824514812
115,0.6961490834767461,0.8451814889494296,0.8894679952078581,0.5205847451880021,0.7714795788722348
116,0.6866770408400485,0.8435797304118956,0.8886063953192449,0.6096282958586284,0.7452168172224591
117,0.859935225624381,0.9468986438080896,0.9619121772414403,0.9366479407909021,0.5056106556078838
118,0.7185885977312194,0.8621422484918315,0.9037825752385408,0.6528129899310102,0.5004074105157603
119,0.7303722247169678,0.8621151558538785,0.9028062293508843,0.6263228299919437,0.5013942057497189
120,0.7931030001248066,0.9209935390413673,0.9394406546081254,0.89058188382634,0.512348249310708
121,0.8310638851139209,0.9400510439876657,0.9555117565150306,0.8958986065995558,0.5330380247931366
122,0.6978358486506965,0.8408969914409846,0.8860539779731558,0.5412067385195638,0.7318071846769433
123,0.6988352337310787,0.8462749771161463,0.8905887349872192,0.5283889481717476,0.6859506538390034
124,0.909246742821818,0.9704075246617935,0.9793693040721297,0.9596902860388435,0.5133236273066151
125,0.8372764795186776,0.9429673198466454,0.9577054395656333,0.9123266514349923,0.5280999563552559
126,0.7003473866196207,0.8524493012811518,0.896297978968459,0.592632511628021,0.7597424586382716
127,0.8742105445975976,0.9522051042809121,0.9635065024962427,0.9426967487604047,0.7313402929225412
128,0.7456122221994403,0.879734624796378,0.9180027040079737,0.6975642916995503,0.5089491919668417
129,0.7584811985678167,0.8827647992196287,0.9187538461613549,0.6940323504627244,0.5630602086588793
130,0.8104389977304799,0.9296432820236529,0.9462666488138852,0.901211383472138,0.6009430984071006
131,0.8452033698182462,0.9467298565280388,0.9604473882207192,0.9026228410806072,0.6231878648226501
132,0.7145756952699177,0.8529100775897462,0.8959143533386074,0.5833882631257894,0.5411556757839753
133,0.7066367769938446,0.8503909796033807,0.8943112391975426,0.5284504771289327,0.4966439929998949
134,0.6998651218110717,0.8475698163466244,0.8919046293967797,0.4540979383536056,0.5160802280354411
135,0.7418958556052356,0.8732908947802451,0.9119519566628851,0.6476509743483136,0.5248484572797821
136,0.679699132498204,0.8343706290924299,0.8810241996235585,0.4463833176444818,0.7337301023538507
137,0.7088110123574284,0.8497499185301961,0.8934113384387004,0.575710661573985,0.6727572808719507
138,0.6848274991261204,0.839886598650491,0.8856586103748788,0.48854930359568766,0.6156210657249831
139,0.7063202310877325,0.8498867064187163,0.8938122076536091,0.5510135332739551,0.5511897972022713
140,0.7236466188026208,0.8804920573263508,0.9103737014287857,0.7739940868091595,0.5223200706525324
141,0.7856300895823948,0.9175493321889404,0.9408362007085236,0.8755199357761118,0.8050998956407217
142,0.8085570959878442,0.9290058949684512,0.9461797709608168,0.8980029240713936,0.7547721393210719
143,0.8318446065389448,0.9404505184361215,0.9541404520644412,0.8924995519222145,0.4834964962366225
144,0.8462336611949841,0.9443631330884787,0.9548606305963225,0.8806577475536093,0.48036367389784784
145,0.8202336095925932,0.9332114831754055,0.9475836477018953,0.8664098482314162,0.5178062844016745
146,0.8124730726560951,0.930373545981576,0.9479223674933478,0.8686940234210199,0.761279838913698
147,0.794846094981666,0.9228076718082688,0.9447236610865268,0.8737137167274994,0.694180175025827
148,0.855377860218337,0.9509223898225093,0.962182804896962,0.9050675368351038,0.6459458165604826
149,0.8630122748512181,0.9519568201871556,0.9607760357375488,0.8943912583872181,0.5693978893510159
150,0.8326505394535152,0.9388583645226096,0.9516531533641912,0.8712308246422669,0.5341245589246021
151,0.8210880310234343,0.9343840592566196,0.9502367940263432,0.8658531867096771,0.8350837576610798
152,0.7873309075905761,0.9175170428379865,0.9399153180716395,0.8376259522643572,0.78957796132851
153,0.8440583955653724,0.9441942743738236,0.9561059231410368,0.8801438855794514,0.5007798219271009
154,0.7769742372237233,0.912740795588528,0.9364075158428062,0.8415345452592043,0.492003533664584
155,0.8263950143233474,0.9361888803860109,0.9498504449898558,0.8682824568061941,0.5707718297949841
156,0.7823473069251814,0.9157685515119853,0.9397838959104229,0.8548298785565601,0.5752946138252859
157,0.8242357036984094,0.9358112970288591,0.9507817724910942,0.86998203329558,0.5519018409266104
158,0.7500196641763497,0.8960275966746449,0.9212287888112454,0.8020818968390054,0.5541549154470856
159,0.8154680156521293,0.9322674053143786,0.9522481853922798,0.8985566160326837,0.5474644208364166
160,0.8307444239682111,0.9385549679481249,0.9539265521568767,0.9108993248772338,0.5323533323867597
161,0.8569235837092386,0.9518306103843401,0.9625411401886764,0.9104292493175423,0.5375637364340177
162,0.8714580654571767,0.9562324936249932,0.9633170492991764,0.8996784845247555,0.5624540558201323
163,0.8482472855159744,0.9470337159662402,0.9578665727215014,0.8900776966098686,0.5679374833776748
164,0.8412739900776346,0.9444418074453287,0.9587748598852063,0.8943634578280727,0.5436385385206645
165,0.8221003506664238,0.9361669517863367,0.954858637885921,0.8955728076173355,0.7442254026045804
166,0.874819664832655,0.9594078470382792,0.9679127365507165,0.9174612061866978,0.6762782432028667
167,0.8846463099123221,0.9616469707716738,0.967564863169644,0.9084909233059996,0.5996248602372657
168,0.8572582587746936,0.9508469325353011,0.9600891170606511,0.8905172619432239,0.5357602425331255
169,0.8471100071491012,0.9471660182548717,0.959665404999504,0.8889919708198595,0.8382968328363608
170,0.815416787347202,0.9322376495251378,0.9509351709536362,0.8653939453253242,0.7780057966114312
171,0.8663683910539123,0.9546355170674792,0.9634122366817482,0.8963141474949244,0.4981780264145192
172,0.8068369098342976,0.9284991028148981,0.9484769380688962,0.8700934355016792,0.48329375981008454
173,0.8508465550076928,0.9482554395525681,0.958386743901028,0.8878300997575912,0.500764164379673
174,0.8088039753060899,0.9294949753328847,0.950017645435158,0.8800382817008959,0.520798968842424
175,0.8449476343439097,0.9461042857882663,0.9575845748082257,0.8884307972616314,0.5650356407393549
176,0.6745042466824462,0.8313498322080516,0.8783610385153563,0.4533737596657124,0.5266815040326861
177,0.7374724432741833,0.8755016389891284,0.912022493080782,0.7185024039676178,0.7258699372870642
178,0.8957856691559027,0.9646876644287092,0.9747253295582651,0.9564192354954357,0.6754333921372783
179,0.7159620517956075,0.8689523103205475,0.9065577405045021,0.768432704928014,0.5298578504132051
180,0.8224437021715834,0.9361885236855013,0.9525875512844515,0.9107913557240589,0.5251615245452279
181,0.9091291241207118,0.9695569857781339,0.9762806098560577,0.9616998304916737,0.785238660101186
182,0.8406250806960688,0.9448234974655852,0.9589360275761176,0.9204440636063942,0.7471704985381565
183,0.6849968828986751,0.8407546219069277,0.8864661106999924,0.5515201643467428,0.48313592698492697
184,0.7467679578952889,0.880570473087324,0.9170537681423802,0.7424884914686908,0.47219285833841723
185,0.9118567512167166,0.9714989579552967,0.9800703865774498,0.9661400515829492,0.7581795346226672
186,0.7357702512186727,0.8803143206795067,0.9162410061925911,0.8007092489730577,0.7191175077033376
187,0.8401301033936146,0.9444494204215695,0.9605352241263428,0.926637976431744,0.4684835096679819
188,0.9221056510781456,0.975115092863374,0.9812343365808766,0.9697161767065069,0.49418285300065
189,0.8543419630150874,0.9509898051877512,0.9651295167462652,0.9329243979172012,0.5441006966059201
190,,,,,0.7190240845509797
191,,,,,0.6682138337556536
192,,,,,0.5003612410122018
193,,,,,0.4909204909073414
194,,,,,0.7757910586514347
195,,,,,0.7309137790241691
196,,,,,0.4783556514864185
197,,,,,0.48584001869444254
198,,,,,0.4700928224782301
199,,,,,0.49279146162655774
200,,,,,0.7204562617159497
201,,,,,0.6659064992041172
202,,,,,0.5777800249329393
203,,,,,0.49378476172355107
204,,,,,0.48804293548118627
205,,,,,0.7732946073153569
206,,,,,0.7259834934532754
207,,,,,0.4928345733974725
208,,,,,0.5214963398898874
209,,,,,0.6010962114937073
210,,,,,0.5158066239506521
211,,,,,0.5176218602795952
212,,,,,0.5677610726077055
213,,,,,0.5335355828771267
214,,,,,0.7352880783484717
215,,,,,0.6944263982203278
216,,,,,0.6258743230900312
217,,,,,0.5436527088337016
218,,,,,0.5251028380807178
219,,,,,0.8024158933852167
220,,,,,0.7506786451781808
221,,,,,0.4784988561421172
222,,,,,0.45857433780589807
223,,,,,0.5233468283758944
224,,,,,0.566518011917391
225,,,,,0.6791548500480692
226,,,,,0.5633898607313659
227,,,,,0.5403888923447011
228,,,,,0.4990426982572718
229,,,,,0.4754358754628519
230,,,,,0.5658234585917574
231,,,,,0.5221208876994711
232,,,,,0.5695995196839287
233,,,,,0.6092391301537977
234,,,,,0.5497964903828304
235,,,,,0.5642195340507937
236,,,,,0.5968105119302134
237,,,,,0.547293182677971
238,,,,,0.500947727573112
239,,,,,0.4716782485675913
240,,,,,0.5299891489055051
241,,,,,0.5409624085468151
242,,,,,0.5445319610561807
243,,,,,0.4823160332533086
244,,,,,0.4979961818713495
245,,,,,0.5000818273695437
246,,,,,0.4601357581395856
247,,,,,0.4749108362822351
248,,,,,0.4746851007230817
249,,,,,0.5823856380779292
250,,,,,0.5075867842167259
251,,,,,0.5158735970451772
252,,,,,0.7881337324920191
253,,,,,0.7569745881139678
254,,,,,0.6417924867820339
255,,,,,0.5409915245400739
256,,,,,0.533016178855073
257,,,,,0.8282432246326253
258,,,,,0.7762145389778446
259,,,,,0.4916873134763482
260,,,,,0.5052877942101007
261,,,,,0.5522041699482559
262,,,,,0.5396997186634137
263,,,,,0.5032271484522371
264,,,,,0.5256395518852403
265,,,,,0.5472526969342628
266,,,,,0.5826706430644426
267,,,,,0.5435009210917049
268,,,,,0.5007707370020243
269,,,,,0.5053330317241033
270,,,,,0.5239712493314199
271,,,,,0.5338265910586327
272,,,,,0.46997252523643385
273,,,,,0.49387879631277787
274,,,,,0.4981100710213431
275,,,,,0.5370162661697814
276,,,,,0.5713670580898469
277,,,,,0.5580646332595846
278,,,,,0.5364694382520399
279,,,,,0.5267129239200415
280,,,,,0.5775024339110024
281,,,,,0.5613329926496169
282,,,,,0.543726005039738
283,,,,,0.5502841886908473
284,,,,,0.5721011288588387
285,,,,,0.6085735387495036
286,,,,,0.5682736680924361
287,,,,,0.5430198492433822
288,,,,,0.523755770438802
289,,,,,0.5208782915470768
290,,,,,0.5417217577613899
291,,,,,0.5564624479747715
292,,,,,0.5063206422016061
293,,,,,0.5372124311920022
294,,,,,0.5357483371326832
295,,,,,0.5000476565679813
296,,,,,0.5215804448442437
297,,,,,0.6308468283076087
298,,,,,0.6478837332092726
299,,,,,0.8114077186689139
300,,,,,0.7427389321760882
301,,,,,0.6491466295116507
302,,,,,0.6430434696110616
303,,,,,0.6447624511220497
304,,,,,0.648026031636132
305,,,,,0.6427911289988313
306,,,,,0.6789158874020121
307,,,,,0.7804593702548689
308,,,,,0.6595461947031539
309,,,,,0.6589128140397577
310,,,,,0.6576005008583279
311,,,,,0.6592632907856661
312,,,,,0.8038447806965899
313,,,,,0.6983979212872938
314,,,,,0.7288632567075078
315,,,,,0.6434853769249715
316,,,,,0.6589586996126404
317,,,,,0.6672609859882307
318,,,,,0.6511326833746038
319,,,,,0.6437414366128446
320,,,,,0.639643625976549
321,,,,,0.6295317640795737
322,,,,,0.6515947141247885
323,,,,,0.6444873579412147
324,,,,,0.6315073503098941
325,,,,,0.6503545143894943
326,,,,,0.6378967449377484
327,,,,,0.635587094228823
328,,,,,0.6550958461222481
329,,,,,0.6371755377232393
330,,,,,0.6215668056108063
331,,,,,0.6432146283731237
332,,,,,0.8184736835783686
333,,,,,0.6287107668479908
334,,,,,0.6461923456717736
335,,,,,0.6426722849376442
336,,,,,0.648093301119946
337,,,,,0.6369275364343853
338,,,,,0.6743645885918811
339,,,,,0.6404888186998793
340,,,,,0.6624433828038113
341,,,,,0.6559370221566793
342,,,,,0.6595742047093631
343,,,,,0.8115434140914107
344,,,,,0.6206956587149596
345,,,,,0.6386762518821991
346,,,,,0.6302141760496051
347,,,,,0.6383078720136877
348,,,,,0.625839949005633
349,,,,,0.6243743941345641
350,,,,,0.6302063994823606
351,,,,,0.6536229161382145
352,,,,,0.6315550428480853
353,,,,,0.6284420524862058
354,,,,,0.6487104209224441
355,,,,,0.621171164981916
356,,,,,0.6357031724770439
357,,,,,0.6563932445215456
358,,,,,0.6238468260982153
359,,,,,0.51641161756346
360,,,,,0.5197629357244313
361,,,,,0.6037554272106204
362,,,,,0.5971825962930131
363,,,,,0.5478920392162975
364,,,,,0.539071184256158
365,,,,,0.8351271658548997
366,,,,,0.7768502580488056
367,,,,,0.4963680413579485
368,,,,,0.47143856963385405
369,,,,,0.5135377071803547
370,,,,,0.5579258504833873
371,,,,,0.6430372013816249
372,,,,,0.5564287395523064
373,,,,,0.5435382719434837
374,,,,,0.505430578011371
375,,,,,0.4780458530892869
376,,,,,0.5970485600736952
377,,,,,0.5704638633025285
378,,,,,0.6069028066379148
379,,,,,0.5381828311110597
380,,,,,0.552689006676966
381,,,,,0.6415323619878686
382,,,,,0.589994071588648
383,,,,,0.5519484168604497
384,,,,,0.5073122099318282
385,,,,,0.47316203523781475
386,,,,,0.5192318458723804
387,,,,,0.5310534786122584
388,,,,,0.5432868239045704
389,,,,,0.47995350884271004
390,,,,,0.49653285657540797
391,,,,,0.5037700251410958
392,,,,,0.4571305250434933
393,,,,,0.47437219932555136
394,,,,,0.4762119353034646
395,,,,,0.6296956418597144
396,,,,,0.6583779098326793
397,,,,,0.6926439179162837
398,,,,,0.5344705902208002
399,,,,,0.5552938621815394
400,,,,,0.565570598542367
401,,,,,0.5834453082385308
402,,,,,0.5491838368556481
403,,,,,0.774871136924153
404,,,,,0.7142621313364363
405,,,,,0.6688140924457715
406,,,,,0.6194615042984706
407,,,,,0.6004817374750734
408,,,,,0.5677010896708852
409,,,,,0.8305441702033038
410,,,,,0.7839662948944603
411,,,,,0.5153650871520042
412,,,,,0.49090303426704585
413,,,,,0.557010497214669
414,,,,,0.6028838941236937
415,,,,,0.6130219063397279
416,,,,,0.5868677649572543
417,,,,,0.7940297950488568
418,,,,,0.7271839757259629
419,,,,,0.6896367304007384
420,,,,,0.6657136416638028
421,,,,,0.6171273532382421
422,,,,,0.5772187292885775
423,,,,,0.8534955374661476
424,,,,,0.8115308084572384
425,,,,,0.5279649166535071
426,,,,,0.49882890030424787
427,,,,,0.5758842915249487
428,,,,,0.612690155711736
429,,,,,0.6104583014402283
430,,,,,0.6127166641410251
431,,,,,0.5717574496000684
432,,,,,0.5448358875729824
433,,,,,0.5475019230367513
434,,,,,0.5944943348663148
435,,,,,0.5917873215436978
436,,,,,0.5839773102473984
437,,,,,0.5489606552703792
438,,,,,0.5244978032887173
439,,,,,0.5937066047952576
440,,,,,0.6343834170949616
441,,,,,0.7960803380611237
442,,,,,0.7610107531180565
443,,,,,0.8372739376803623
444,,,,,0.8556103048871136
445,,,,,0.5520961823816405
446,,,,,0.5864328393755938
447,,,,,0.6107698992932941
448,,,,,0.6082618662840829
449,,,,,0.5808468134023198
450,,,,,0.7850674622509122
451,,,,,0.7157655502709009
452,,,,,0.651060864830381
453,,,,,0.5904395242116677
454,,,,,0.8699721946840832
455,,,,,0.8112207680041726
456,,,,,0.5360279662257371
457,,,,,0.5012408333962236
458,,,,,0.5440884180090707
459,,,,,0.5630146592451162
460,,,,,0.6027435211204756
461,,,,,0.5635794962338903
462,,,,,0.769846579942259
463,,,,,0.7192243594289397
464,,,,,0.5829165484814923
465,,,,,0.5725226394603121
466,,,,,0.8133821460037232
467,,,,,0.7778566917822437
468,,,,,0.5161840088062741
469,,,,,0.48541442239976096
470,,,,,0.49666094784294457
471,,,,,0.5191043747688272
472,,,,,0.56331042356618
473,,,,,0.7469113269758767
474,,,,,0.6952010850181696
475,,,,,0.5358783601603906
476,,,,,0.5227785371034076
477,,,,,0.7886902664036022
478,,,,,0.7466479116476002
479,,,,,0.4919486155894189
480,,,,,0.4753044714893607
481,,,,,0.47628523788517624
482,,,,,0.4970321442678535
483,,,,,0.5391266448122961
484,,,,,0.7321043591721007
485,,,,,0.6760508186521295
486,,,,,0.5985352173608652
487,,,,,0.5775406140749978
488,,,,,0.50928925413584
489,,,,,0.500150452845219
490,,,,,0.770910276942946
491,,,,,0.7266556194547618
492,,,,,0.48246507546670236
493,,,,,0.49867859350570753
494,,,,,0.5672970887223134
495,,,,,0.5797725427042344
496,,,,,0.5001403490836777
497,,,,,0.5009974829517776
498,,,,,0.5588608846121815
499,,,,,0.7368032541180481
500,,,,,0.6941262755095523
501,,,,,0.5962200776305489
502,,,,,0.5264022229570005
503,,,,,0.5165937354931963
504,,,,,0.7754904832533229
505,,,,,0.7304402963625741
506,,,,,0.47449082942961446
507,,,,,0.4638669280619491
508,,,,,0.4993313099116485
509,,,,,0.5253031582864995
510,,,,,0.5816343430232019
511,,,,,0.7566677096374904
512,,,,,0.7110912503088835
513,,,,,0.6328613462346251
514,,,,,0.5256641627711716
515,,,,,0.5235733614002603
516,,,,,0.7854756675403517
517,,,,,0.7494765940815477
518,,,,,0.4826153304117121
519,,,,,0.46777571825037817
520,,,,,0.5549308815169183
521,,,,,0.5770576809272924
522,,,,,0.5661798142112193
523,,,,,0.5105618108623489
524,,,,,0.5440164257554473
525,,,,,0.5344326461177875
526,,,,,0.5586916157045682
527,,,,,0.5805680676303645
528,,,,,0.521471654798546
529,,,,,0.5240178931190747
530,,,,,0.5739098500881096
531,,,,,0.5402684498228707
532,,,,,0.749025167275333
533,,,,,0.7029610857412996
534,,,,,0.6455577830196021
535,,,,,0.554830724628815
536,,,,,0.5263931657468597
537,,,,,0.7971087478127467
538,,,,,0.7445757990039281
539,,,,,0.48374155715111344
540,,,,,0.46315756628231913
541,,,,,0.5060537312621153
542,,,,,0.515698010876101
543,,,,,0.5209784800925648
544,,,,,0.46680950340770505
545,,,,,0.47715283554780596
546,,,,,0.4822161437590305
547,,,,,0.4576531730004637
548,,,,,0.46645750017663606
549,,,,,0.4680034003192233
550,,,,,0.5495566608276432
551,,,,,0.5640621967733165
552,,,,,0.5592786059490548
553,,,,,0.5726914367862931
554,,,,,0.8186922935355568
555,,,,,0.8194408926225333
556,,,,,0.5516360209290313
557,,,,,0.5650601626468488
558,,,,,0.5411925805109066
559,,,,,0.5592501862478066
560,,,,,0.5582264417494781
561,,,,,0.528969505328906
562,,,,,0.5415773569218958
563,,,,,0.5468773426727118
564,,,,,0.5256831628384794
565,,,,,0.8026450386474326
566,,,,,0.7367494902037786
567,,,,,0.7424509411580731
568,,,,,0.7718200788455402
569,,,,,0.7647945957962476
570,,,,,0.8103474108062197
571,,,,,0.8335019484679084
572,,,,,0.7564555177075875
573,,,,,0.7333357885232507
574,,,,,0.7141735801993154
575,,,,,0.7114038025130979
576,,,,,0.7442116192044742
577,,,,,0.7817848102662965
578,,,,,0.7730725384534826
579,,,,,0.7432723398390019
580,,,,,0.7299312366938798
581,,,,,0.725280113360385
582,,,,,0.772571245697562
583,,,,,0.7652920384358078
584,,,,,0.7995979307988484
585,,,,,0.7567257268072745
586,,,,,0.7715446694492788
587,,,,,0.791995196384565
588,,,,,0.7421500182545895
589,,,,,0.7236956472784755
590,,,,,0.7143595745796083
591,,,,,0.7316136777434583
592,,,,,0.7405817330381481
593,,,,,0.7401639373259463
594,,,,,0.7138084380246088
595,,,,,0.7283933555771882
596,,,,,0.7246416616948538
597,,,,,0.7099241205486384
598,,,,,0.7246422474225278
599,,,,,0.7175562454524714
600,,,,,0.7706468971061633
601,,,,,0.7079848905339712
602,,,,,0.7139353319661299
603,,,,,0.755234361364832
604,,,,,0.7752323008228892
605,,,,,0.7211417394394073
606,,,,,0.7071062553182658
607,,,,,0.6919366621646542
608,,,,,0.697120489520269
609,,,,,0.7138646656651789
610,,,,,0.750050998940188
611,,,,,0.7352847689552044
612,,,,,0.7154937568981569
613,,,,,0.7048866267307506
614,,,,,0.7076332799683528
615,,,,,0.7551331368455303
616,,,,,0.7194141469824873
617,,,,,0.7333637473858149
618,,,,,0.7469174880625715
619,,,,,0.7066959731802849
620,,,,,0.6915573272013986
621,,,,,0.6905270589769125
622,,,,,0.7011502427938299
623,,,,,0.7103228604443437
624,,,,,0.7028049743503857
625,,,,,0.688244768180484
626,,,,,0.7008326576386223
627,,,,,0.6913999470404372
628,,,,,0.6872188395414827
629,,,,,0.6985932376154763
630,,,,,0.6887846485606705
631,,,,,0.5195527329624937
632,,,,,0.5333968311523889
633,,,,,0.5541437206571226
634,,,,,0.4795403505605906
635,,,,,0.47890917735905486
636,,,,,0.5093573453714296
637,,,,,0.7051350341505636
638,,,,,0.6645498309314851
639,,,,,0.5752993634505968
640,,,,,0.5010829688651303
641,,,,,0.49139592732895354
642,,,,,0.7642825031424644
643,,,,,0.7179833565349146
644,,,,,0.4657931414069458
645,,,,,0.4753183896901983
646,,,,,0.47632415715787996
647,,,,,0.5043896130438873
648,,,,,0.5316399769062294
649,,,,,0.721290408148381
650,,,,,0.6753937981789908
651,,,,,0.5841787601796018
652,,,,,0.5013776470770788
653,,,,,0.49472743347612896
654,,,,,0.7772557557481247
655,,,,,0.7377155204197923
656,,,,,0.47644530795770995
657,,,,,0.4791253519852916
658,,,,,0.5054828694895763
659,,,,,0.5285062210691894
660,,,,,0.5124245161313932
661,,,,,0.4826869510423752
662,,,,,0.5178040742883967
663,,,,,0.5014521119242077
664,,,,,0.4942729170643798
665,,,,,0.4975920112387526
666,,,,,0.5170825998477043
667,,,,,0.5051745541466556
668,,,,,0.7079653488086439
669,,,,,0.6614021445970484
670,,,,,0.5275589710830656
671,,,,,0.49545062211056745
672,,,,,0.7841241357052453
673,,,,,0.7282397210997773
674,,,,,0.46862914050183163
675,,,,,0.46580933826803717
676,,,,,0.47989312094479103
677,,,,,0.4865799921593329
678,,,,,0.4910103697529381
679,,,,,0.4578295527212208
680,,,,,0.4719302972245242
681,,,,,0.4706624404307719
682,,,,,0.4706665433496161
683,,,,,0.48036458726754105
684,,,,,0.4759113397358412
685,,,,,0.5041250278607387
686,,,,,0.5175933762169581
687,,,,,0.546191489740352
688,,,,,0.5064032947918106
689,,,,,0.5104734534853823
690,,,,,0.6960736777745341
691,,,,,0.6454223074566683
692,,,,,0.6028715876512462
693,,,,,0.5326961209010879
694,,,,,0.5279407808598171
695,,,,,0.7872896665881771
696,,,,,0.7300034838706351
697,,,,,0.5099041280703235
698,,,,,0.5071172828428584
699,,,,,0.5368319782563172
700,,,,,0.7082753079423083
701,,,,,0.6519128914502068
702,,,,,0.606093450020227
703,,,,,0.5302392206344329
704,,,,,0.5279984632741485
705,,,,,0.7957556351369258
706,,,,,0.7447169274006528
707,,,,,0.5157646977580499
708,,,,,0.4841900613896196
709,,,,,0.5012650116210471
710,,,,,0.5099033984803221
711,,,,,0.5103750053595183
712,,,,,0.4755136368473061
713,,,,,0.492978895712811
714,,,,,0.6924503866447003
715,,,,,0.6353686526670419
716,,,,,0.5440128354720769
717,,,,,0.5093867232704438
718,,,,,0.8005869332001407
719,,,,,0.7341700430577648
720,,,,,0.4975905943311779
721,,,,,0.5033384151350947
722,,,,,0.5129428261849719
723,,,,,0.5160498173145264
724,,,,,0.7221995049813091
725,,,,,0.7372936821858279
726,,,,,0.49436231850891527
727,,,,,0.509658297557092
728,,,,,0.5071190192471475
